{"overrides":[{"predicate":{"custom_model_data":1},"model":"modelengine:internal_fire/fire_0"},{"predicate":{"custom_model_data":2},"model":"modelengine:internal_fire/fire_1"},{"predicate":{"custom_model_data":3},"model":"modelengine:oni_brute/body"},{"predicate":{"custom_model_data":4},"model":"modelengine:oni_brute/right_leg"},{"predicate":{"custom_model_data":5},"model":"modelengine:oni_brute/left_leg"},{"predicate":{"custom_model_data":6},"model":"modelengine:oni_brute/left_arm"},{"predicate":{"custom_model_data":7},"model":"modelengine:oni_brute/right_arm"},{"predicate":{"custom_model_data":8},"model":"modelengine:oni_brute/head"},{"predicate":{"custom_model_data":9},"model":"modelengine:oni_brute/right_foot"},{"predicate":{"custom_model_data":10},"model":"modelengine:oni_brute/left_foot"},{"predicate":{"custom_model_data":11},"model":"modelengine:oni_brute/left_hand"},{"predicate":{"custom_model_data":12},"model":"modelengine:oni_brute/right_hand"},{"predicate":{"custom_model_data":13},"model":"modelengine:oni_brute/eye"},{"predicate":{"custom_model_data":14},"model":"modelengine:oni_brute/headband"},{"predicate":{"custom_model_data":15},"model":"modelengine:oni_brute/weapon"}],"parent":"minecraft:item/generated","textures":{"layer0":"minecraft:item/leather_horse_armor"}}