{"textures":{"0":"modelengine:entity/oni_brute","particle":"#0"},"elements":[{"from":[5.0,-5.0,12.0],"to":[9.0,28.0,16.0],"faces":{"east":{"uv":[0.5,0.0,1.0,4.125],"tintindex":0,"rotation":0,"texture":"#0"},"south":{"uv":[1.0,0.0,1.5,4.125],"tintindex":0,"rotation":0,"texture":"#0"},"north":{"uv":[0.0,0.0,0.5,4.125],"tintindex":0,"rotation":0,"texture":"#0"},"west":{"uv":[1.5,0.0,2.0,4.125],"tintindex":0,"rotation":0,"texture":"#0"},"up":{"uv":[1.75,9.375,1.25,8.875],"tintindex":0,"rotation":0,"texture":"#0"},"down":{"uv":[2.25,8.875,1.75,9.375],"tintindex":0,"rotation":0,"texture":"#0"}},"rotation":{"origin":[6.0,10.0,13.0],"angle":45.0,"axis":"z"}},{"from":[3.0,8.0,4.0],"to":[13.0,11.0,12.0],"faces":{"east":{"uv":[4.0,8.25,5.0,8.625],"tintindex":0,"rotation":0,"texture":"#0"},"south":{"uv":[8.25,4.0,9.5,4.375],"tintindex":0,"rotation":0,"texture":"#0"},"north":{"uv":[8.0,2.0,9.25,2.375],"tintindex":0,"rotation":0,"texture":"#0"},"west":{"uv":[8.25,4.375,9.25,4.75],"tintindex":0,"rotation":0,"texture":"#0"},"up":{"uv":[6.25,5.5,5.0,4.5],"tintindex":0,"rotation":0,"texture":"#0"},"down":{"uv":[6.25,5.5,5.0,6.5],"tintindex":0,"rotation":0,"texture":"#0"}}},{"from":[4.1715727,12.828426,11.9],"to":[8.171573,30.828426,15.9],"faces":{"east":{"uv":[6.25,5.25,6.75,7.5],"tintindex":0,"rotation":0,"texture":"#0"},"south":{"uv":[5.0,6.5,5.5,8.75],"tintindex":0,"rotation":0,"texture":"#0"},"north":{"uv":[6.25,3.0,6.75,5.25],"tintindex":0,"rotation":0,"texture":"#0"},"west":{"uv":[5.5,6.5,6.0,8.75],"tintindex":0,"rotation":0,"texture":"#0"},"up":{"uv":[9.5,1.0,9.0,0.5],"tintindex":0,"rotation":0,"texture":"#0"},"down":{"uv":[9.5,1.0,9.0,1.5],"tintindex":0,"rotation":0,"texture":"#0"}},"rotation":{"origin":[7.1715727,12.828426,12.9],"angle":-45.0,"axis":"z"}},{"from":[4.0,5.0,5.0],"to":[12.0,19.0,11.0],"faces":{"east":{"uv":[5.0,1.0,5.75,2.75],"tintindex":0,"rotation":0,"texture":"#0"},"south":{"uv":[2.0,4.125,3.0,5.875],"tintindex":0,"rotation":0,"texture":"#0"},"north":{"uv":[1.0,4.125,2.0,5.875],"tintindex":0,"rotation":0,"texture":"#0"},"west":{"uv":[5.0,2.75,5.75,4.5],"tintindex":0,"rotation":0,"texture":"#0"},"up":{"uv":[8.75,3.25,7.75,2.5],"tintindex":0,"rotation":0,"texture":"#0"},"down":{"uv":[8.75,3.25,7.75,4.0],"tintindex":0,"rotation":0,"texture":"#0"}}},{"from":[7.0,-5.0,11.9],"to":[11.0,28.0,15.9],"faces":{"east":{"uv":[2.5,0.0,3.0,4.125],"tintindex":0,"rotation":0,"texture":"#0"},"south":{"uv":[3.0,0.0,3.5,4.125],"tintindex":0,"rotation":0,"texture":"#0"},"north":{"uv":[2.0,0.0,2.5,4.125],"tintindex":0,"rotation":0,"texture":"#0"},"west":{"uv":[3.5,0.0,4.0,4.125],"tintindex":0,"rotation":0,"texture":"#0"},"up":{"uv":[4.25,9.5,3.75,9.0],"tintindex":0,"rotation":0,"texture":"#0"},"down":{"uv":[6.375,9.0,5.875,9.5],"tintindex":0,"rotation":0,"texture":"#0"}},"rotation":{"origin":[10.0,10.0,12.9],"angle":-45.0,"axis":"z"}},{"from":[7.8284273,12.828426,12.0],"to":[11.828427,30.828426,16.0],"faces":{"east":{"uv":[4.5,6.0,5.0,8.25],"tintindex":0,"rotation":0,"texture":"#0"},"south":{"uv":[0.0,6.125,0.5,8.375],"tintindex":0,"rotation":0,"texture":"#0"},"north":{"uv":[4.0,6.0,4.5,8.25],"tintindex":0,"rotation":0,"texture":"#0"},"west":{"uv":[0.5,6.125,1.0,8.375],"tintindex":0,"rotation":0,"texture":"#0"},"up":{"uv":[2.75,9.375,2.25,8.875],"tintindex":0,"rotation":0,"texture":"#0"},"down":{"uv":[8.5,8.875,8.0,9.375],"tintindex":0,"rotation":0,"texture":"#0"}},"rotation":{"origin":[8.828427,12.828426,13.0],"angle":45.0,"axis":"z"}}],"display":{"gui":{"rotation":[-150.0,-45.0,180.0]}}}