{"textures":{"0":"modelengine:entity/oni_brute","particle":"#0"},"elements":[{"from":[5.0,7.5,7.5],"to":[11.0,8.5,8.5],"faces":{"east":{"uv":[2.875,6.875,3.0,7.0],"tintindex":0,"rotation":0,"texture":"#0"},"south":{"uv":[9.0,8.125,9.75,8.25],"tintindex":0,"rotation":0,"texture":"#0"},"north":{"uv":[8.0,2.375,8.75,2.5],"tintindex":0,"rotation":0,"texture":"#0"},"west":{"uv":[2.75,8.375,2.875,8.5],"tintindex":0,"rotation":0,"texture":"#0"},"up":{"uv":[6.875,9.625,6.125,9.5],"tintindex":0,"rotation":0,"texture":"#0"},"down":{"uv":[7.625,9.5,6.875,9.625],"tintindex":0,"rotation":0,"texture":"#0"}}}],"display":{"gui":{"rotation":[-150.0,-45.0,180.0]}}}