{"textures":{"0":"modelengine:entity/oni_brute","particle":"#0"},"elements":[{"from":[7.0,7.0,7.75],"to":[9.0,9.0,8.75],"faces":{"east":{"uv":[2.875,5.875,3.0,6.125],"tintindex":0,"rotation":0,"texture":"#0"},"south":{"uv":[7.75,6.75,8.0,7.0],"tintindex":0,"rotation":0,"texture":"#0"},"north":{"uv":[7.75,6.5,8.0,6.75],"tintindex":0,"rotation":0,"texture":"#0"},"west":{"uv":[2.875,6.125,3.0,6.375],"tintindex":0,"rotation":0,"texture":"#0"},"up":{"uv":[4.0,8.625,3.75,8.5],"tintindex":0,"rotation":0,"texture":"#0"},"down":{"uv":[1.0,8.75,0.75,8.875],"tintindex":0,"rotation":0,"texture":"#0"}}},{"from":[6.0,6.0,8.75],"to":[10.0,10.0,13.75],"faces":{"east":{"uv":[8.375,5.875,9.0,6.375],"tintindex":0,"rotation":0,"texture":"#0"},"south":{"uv":[5.375,8.75,5.875,9.25],"tintindex":0,"rotation":0,"texture":"#0"},"north":{"uv":[4.875,8.75,5.375,9.25],"tintindex":0,"rotation":0,"texture":"#0"},"west":{"uv":[8.5,0.0,9.125,0.5],"tintindex":0,"rotation":0,"texture":"#0"},"up":{"uv":[9.0,1.125,8.5,0.5],"tintindex":0,"rotation":0,"texture":"#0"},"down":{"uv":[9.0,1.125,8.5,1.75],"tintindex":0,"rotation":0,"texture":"#0"}}}],"display":{"gui":{"rotation":[-150.0,-45.0,180.0]}}}