{"textures":{"0":"modelengine:entity/oni_brute","particle":"#0"},"elements":[{"from":[4.0,8.0,4.0],"to":[12.0,16.0,12.0],"faces":{"east":{"uv":[6.375,2.0,7.375,3.0],"tintindex":0,"rotation":0,"texture":"#0"},"south":{"uv":[6.75,3.0,7.75,4.0],"tintindex":0,"rotation":0,"texture":"#0"},"north":{"uv":[6.375,1.0,7.375,2.0],"tintindex":0,"rotation":0,"texture":"#0"},"west":{"uv":[6.75,4.0,7.75,5.0],"tintindex":0,"rotation":0,"texture":"#0"},"up":{"uv":[7.75,6.0,6.75,5.0],"tintindex":0,"rotation":0,"texture":"#0"},"down":{"uv":[7.75,6.0,6.75,7.0],"tintindex":0,"rotation":0,"texture":"#0"}}},{"from":[11.14805,16.771637,2.0],"to":[14.14805,18.771637,5.0],"faces":{"east":{"uv":[9.5,3.375,9.875,3.625],"tintindex":0,"rotation":0,"texture":"#0"},"south":{"uv":[3.75,9.5,4.125,9.75],"tintindex":0,"rotation":0,"texture":"#0"},"north":{"uv":[9.5,3.125,9.875,3.375],"tintindex":0,"rotation":0,"texture":"#0"},"west":{"uv":[9.5,4.0,9.875,4.25],"tintindex":0,"rotation":0,"texture":"#0"},"up":{"uv":[9.625,2.375,9.25,2.0],"tintindex":0,"rotation":0,"texture":"#0"},"down":{"uv":[9.625,5.0,9.25,5.375],"tintindex":0,"rotation":0,"texture":"#0"}},"rotation":{"origin":[12.14805,16.771637,5.0],"angle":-22.5,"axis":"z"}},{"from":[10.0,14.0,2.0],"to":[13.0,17.0,8.0],"faces":{"east":{"uv":[8.0,8.5,8.75,8.875],"tintindex":0,"rotation":0,"texture":"#0"},"south":{"uv":[9.25,8.5,9.625,8.875],"tintindex":0,"rotation":0,"texture":"#0"},"north":{"uv":[5.375,9.25,5.75,9.625],"tintindex":0,"rotation":0,"texture":"#0"},"west":{"uv":[3.75,8.625,4.5,9.0],"tintindex":0,"rotation":0,"texture":"#0"},"up":{"uv":[4.875,9.375,4.5,8.625],"tintindex":0,"rotation":0,"texture":"#0"},"down":{"uv":[0.375,8.75,0.0,9.5],"tintindex":0,"rotation":0,"texture":"#0"}},"rotation":{"origin":[11.0,14.0,5.0],"angle":-22.5,"axis":"z"}},{"from":[1.8519497,16.771637,2.0],"to":[4.8519497,18.771637,5.0],"faces":{"east":{"uv":[9.5,4.5,9.875,4.75],"tintindex":0,"rotation":0,"texture":"#0"},"south":{"uv":[9.5,4.75,9.875,5.0],"tintindex":0,"rotation":0,"texture":"#0"},"north":{"uv":[9.5,4.25,9.875,4.5],"tintindex":0,"rotation":0,"texture":"#0"},"west":{"uv":[5.75,9.5,6.125,9.75],"tintindex":0,"rotation":0,"texture":"#0"},"up":{"uv":[1.125,9.75,0.75,9.375],"tintindex":0,"rotation":0,"texture":"#0"},"down":{"uv":[1.5,9.375,1.125,9.75],"tintindex":0,"rotation":0,"texture":"#0"}},"rotation":{"origin":[3.8519497,16.771637,5.0],"angle":22.5,"axis":"z"}},{"from":[3.0,14.0,2.0],"to":[6.0,17.0,8.0],"faces":{"east":{"uv":[8.75,2.375,9.5,2.75],"tintindex":0,"rotation":0,"texture":"#0"},"south":{"uv":[9.25,9.25,9.625,9.625],"tintindex":0,"rotation":0,"texture":"#0"},"north":{"uv":[9.25,8.875,9.625,9.25],"tintindex":0,"rotation":0,"texture":"#0"},"west":{"uv":[8.75,2.75,9.5,3.125],"tintindex":0,"rotation":0,"texture":"#0"},"up":{"uv":[0.75,9.5,0.375,8.75],"tintindex":0,"rotation":0,"texture":"#0"},"down":{"uv":[9.125,3.125,8.75,3.875],"tintindex":0,"rotation":0,"texture":"#0"}},"rotation":{"origin":[5.0,14.0,5.0],"angle":22.5,"axis":"z"}}],"display":{"gui":{"rotation":[-150.0,-45.0,180.0]}}}