{"textures":{"0":"modelengine:entity/oni_brute","particle":"#0"},"elements":[{"from":[6.5,4.75,6.5],"to":[9.5,8.75,9.5],"faces":{"east":{"uv":[2.75,9.125,3.125,9.625],"tintindex":0,"rotation":0,"texture":"#0"},"south":{"uv":[3.125,9.125,3.5,9.625],"tintindex":0,"rotation":0,"texture":"#0"},"north":{"uv":[9.125,0.0,9.5,0.5],"tintindex":0,"rotation":0,"texture":"#0"},"west":{"uv":[9.125,3.125,9.5,3.625],"tintindex":0,"rotation":0,"texture":"#0"},"up":{"uv":[2.625,9.75,2.25,9.375],"tintindex":0,"rotation":0,"texture":"#0"},"down":{"uv":[4.875,9.375,4.5,9.75],"tintindex":0,"rotation":0,"texture":"#0"}}}],"display":{"gui":{"rotation":[-150.0,-45.0,180.0]}}}