{"textures":{"0":"modelengine:entity/oni_brute","particle":"#0"},"elements":[{"from":[6.0,-6.0,4.0],"to":[11.0,10.0,12.0],"faces":{"east":{"uv":[4.0,4.0,5.0,6.0],"tintindex":0,"rotation":0,"texture":"#0"},"south":{"uv":[2.25,5.875,2.875,7.875],"tintindex":0,"rotation":0,"texture":"#0"},"north":{"uv":[1.625,5.875,2.25,7.875],"tintindex":0,"rotation":0,"texture":"#0"},"west":{"uv":[0.0,4.125,1.0,6.125],"tintindex":0,"rotation":0,"texture":"#0"},"up":{"uv":[1.625,8.875,1.0,7.875],"tintindex":0,"rotation":0,"texture":"#0"},"down":{"uv":[2.25,7.875,1.625,8.875],"tintindex":0,"rotation":0,"texture":"#0"}}}],"display":{"gui":{"rotation":[-150.0,-45.0,180.0]}}}