{"textures":{"0":"modelengine:entity/oni_brute","particle":"#0"},"elements":[{"from":[6.0,5.0,2.0],"to":[10.0,8.0,10.0],"faces":{"east":{"uv":[0.0,8.375,1.0,8.75],"tintindex":0,"rotation":0,"texture":"#0"},"south":{"uv":[7.375,9.125,7.875,9.5],"tintindex":0,"rotation":0,"texture":"#0"},"north":{"uv":[6.875,9.125,7.375,9.5],"tintindex":0,"rotation":0,"texture":"#0"},"west":{"uv":[8.375,5.5,9.375,5.875],"tintindex":0,"rotation":0,"texture":"#0"},"up":{"uv":[8.5,7.5,8.0,6.5],"tintindex":0,"rotation":0,"texture":"#0"},"down":{"uv":[8.5,7.5,8.0,8.5],"tintindex":0,"rotation":0,"texture":"#0"}}},{"from":[6.0,3.0,7.0],"to":[10.0,5.0,9.0],"faces":{"east":{"uv":[7.875,9.625,8.125,9.875],"tintindex":0,"rotation":0,"texture":"#0"},"south":{"uv":[9.5,2.375,10.0,2.625],"tintindex":0,"rotation":0,"texture":"#0"},"north":{"uv":[9.5,1.75,10.0,2.0],"tintindex":0,"rotation":0,"texture":"#0"},"west":{"uv":[8.125,9.625,8.375,9.875],"tintindex":0,"rotation":0,"texture":"#0"},"up":{"uv":[10.0,2.875,9.5,2.625],"tintindex":0,"rotation":0,"texture":"#0"},"down":{"uv":[10.0,2.875,9.5,3.125],"tintindex":0,"rotation":0,"texture":"#0"}}},{"from":[6.0,3.0,3.0],"to":[10.0,5.0,5.0],"faces":{"east":{"uv":[7.125,9.625,7.375,9.875],"tintindex":0,"rotation":0,"texture":"#0"},"south":{"uv":[9.5,0.75,10.0,1.0],"tintindex":0,"rotation":0,"texture":"#0"},"north":{"uv":[9.5,0.5,10.0,0.75],"tintindex":0,"rotation":0,"texture":"#0"},"west":{"uv":[7.375,9.625,7.625,9.875],"tintindex":0,"rotation":0,"texture":"#0"},"up":{"uv":[10.0,1.25,9.5,1.0],"tintindex":0,"rotation":0,"texture":"#0"},"down":{"uv":[10.0,1.25,9.5,1.5],"tintindex":0,"rotation":0,"texture":"#0"}}}],"display":{"gui":{"rotation":[-150.0,-45.0,180.0]}}}