{"textures":{"0":"modelengine:entity/oni_brute","particle":"#0"},"elements":[{"from":[5.05,-1.7576172,9.517171],"to":[8.95,3.1423829,11.417171],"faces":{"east":{"uv":[4.875,9.25,5.125,9.875],"tintindex":0,"rotation":0,"texture":"#0"},"south":{"uv":[8.5,7.625,9.0,8.25],"tintindex":0,"rotation":0,"texture":"#0"},"north":{"uv":[7.5,8.5,8.0,9.125],"tintindex":0,"rotation":0,"texture":"#0"},"west":{"uv":[5.125,9.25,5.375,9.875],"tintindex":0,"rotation":0,"texture":"#0"},"up":{"uv":[9.875,6.125,9.375,5.875],"tintindex":0,"rotation":0,"texture":"#0"},"down":{"uv":[9.875,6.125,9.375,6.375],"tintindex":0,"rotation":0,"texture":"#0"}},"rotation":{"origin":[7.0,0.6923828,10.467171],"angle":-22.5,"axis":"x"}},{"from":[5.0,-2.0,5.5],"to":[9.0,10.0,10.5],"faces":{"east":{"uv":[7.375,1.0,8.0,2.5],"tintindex":0,"rotation":0,"texture":"#0"},"south":{"uv":[7.75,4.0,8.25,5.5],"tintindex":0,"rotation":0,"texture":"#0"},"north":{"uv":[6.0,7.5,6.5,9.0],"tintindex":0,"rotation":0,"texture":"#0"},"west":{"uv":[7.375,7.0,8.0,8.5],"tintindex":0,"rotation":0,"texture":"#0"},"up":{"uv":[7.5,9.125,7.0,8.5],"tintindex":0,"rotation":0,"texture":"#0"},"down":{"uv":[9.0,7.0,8.5,7.625],"tintindex":0,"rotation":0,"texture":"#0"}}}],"display":{"gui":{"rotation":[-150.0,-45.0,180.0]}}}