{"textures":{"0":"modelengine:entity/oni_brute","particle":"#0"},"elements":[{"from":[6.0,3.0,3.0],"to":[10.0,5.0,5.0],"faces":{"east":{"uv":[6.625,9.625,6.875,9.875],"tintindex":0,"rotation":0,"texture":"#0"},"south":{"uv":[0.0,9.5,0.5,9.75],"tintindex":0,"rotation":0,"texture":"#0"},"north":{"uv":[7.875,9.375,8.375,9.625],"tintindex":0,"rotation":0,"texture":"#0"},"west":{"uv":[6.875,9.625,7.125,9.875],"tintindex":0,"rotation":0,"texture":"#0"},"up":{"uv":[10.0,0.25,9.5,0.0],"tintindex":0,"rotation":0,"texture":"#0"},"down":{"uv":[10.0,0.25,9.5,0.5],"tintindex":0,"rotation":0,"texture":"#0"}}},{"from":[6.0,3.0,7.0],"to":[10.0,5.0,9.0],"faces":{"east":{"uv":[6.125,9.625,6.375,9.875],"tintindex":0,"rotation":0,"texture":"#0"},"south":{"uv":[9.375,6.625,9.875,6.875],"tintindex":0,"rotation":0,"texture":"#0"},"north":{"uv":[9.375,6.375,9.875,6.625],"tintindex":0,"rotation":0,"texture":"#0"},"west":{"uv":[6.375,9.625,6.625,9.875],"tintindex":0,"rotation":0,"texture":"#0"},"up":{"uv":[9.875,7.125,9.375,6.875],"tintindex":0,"rotation":0,"texture":"#0"},"down":{"uv":[9.875,7.125,9.375,7.375],"tintindex":0,"rotation":0,"texture":"#0"}}},{"from":[6.0,5.0,2.0],"to":[10.0,8.0,10.0],"faces":{"east":{"uv":[8.25,4.75,9.25,5.125],"tintindex":0,"rotation":0,"texture":"#0"},"south":{"uv":[6.375,9.125,6.875,9.5],"tintindex":0,"rotation":0,"texture":"#0"},"north":{"uv":[9.125,3.625,9.625,4.0],"tintindex":0,"rotation":0,"texture":"#0"},"west":{"uv":[8.25,5.125,9.25,5.5],"tintindex":0,"rotation":0,"texture":"#0"},"up":{"uv":[2.75,8.875,2.25,7.875],"tintindex":0,"rotation":0,"texture":"#0"},"down":{"uv":[8.5,1.0,8.0,2.0],"tintindex":0,"rotation":0,"texture":"#0"}}}],"display":{"gui":{"rotation":[-150.0,-45.0,180.0]}}}