{"textures":{"0":"modelengine:entity/oni_brute","particle":"#0"},"elements":[{"from":[7.5,6.75,9.5],"to":[8.5,8.75,11.5],"faces":{"east":{"uv":[0.5,9.5,0.75,9.75],"tintindex":0,"rotation":0,"texture":"#0"},"south":{"uv":[2.875,6.625,3.0,6.875],"tintindex":0,"rotation":0,"texture":"#0"},"north":{"uv":[2.875,6.375,3.0,6.625],"tintindex":0,"rotation":0,"texture":"#0"},"west":{"uv":[7.625,9.5,7.875,9.75],"tintindex":0,"rotation":0,"texture":"#0"},"up":{"uv":[2.875,8.125,2.75,7.875],"tintindex":0,"rotation":0,"texture":"#0"},"down":{"uv":[2.875,8.125,2.75,8.375],"tintindex":0,"rotation":0,"texture":"#0"}}},{"from":[6.5,4.75,6.5],"to":[9.5,8.75,9.5],"faces":{"east":{"uv":[9.0,5.875,9.375,6.375],"tintindex":0,"rotation":0,"texture":"#0"},"south":{"uv":[9.0,6.375,9.375,6.875],"tintindex":0,"rotation":0,"texture":"#0"},"north":{"uv":[7.375,2.5,7.75,3.0],"tintindex":0,"rotation":0,"texture":"#0"},"west":{"uv":[9.0,6.875,9.375,7.375],"tintindex":0,"rotation":0,"texture":"#0"},"up":{"uv":[1.875,9.75,1.5,9.375],"tintindex":0,"rotation":0,"texture":"#0"},"down":{"uv":[2.25,9.375,1.875,9.75],"tintindex":0,"rotation":0,"texture":"#0"}}}],"display":{"gui":{"rotation":[-150.0,-45.0,180.0]}}}