{"textures":{"0":"modelengine:entity/oni_brute","particle":"#0"},"elements":[{"from":[5.0,-6.0,4.0],"to":[10.0,10.0,12.0],"faces":{"east":{"uv":[4.0,0.0,5.0,2.0],"tintindex":0,"rotation":0,"texture":"#0"},"south":{"uv":[1.0,5.875,1.625,7.875],"tintindex":0,"rotation":0,"texture":"#0"},"north":{"uv":[5.75,1.0,6.375,3.0],"tintindex":0,"rotation":0,"texture":"#0"},"west":{"uv":[4.0,2.0,5.0,4.0],"tintindex":0,"rotation":0,"texture":"#0"},"up":{"uv":[8.375,6.5,7.75,5.5],"tintindex":0,"rotation":0,"texture":"#0"},"down":{"uv":[8.5,0.0,7.875,1.0],"tintindex":0,"rotation":0,"texture":"#0"}}}],"display":{"gui":{"rotation":[-150.0,-45.0,180.0]}}}