{"textures":{"0":"modelengine:entity/oni_brute","particle":"#0"},"elements":[{"from":[7.05,-1.7576172,9.517171],"to":[10.95,3.1423829,11.417171],"faces":{"east":{"uv":[3.5,9.125,3.75,9.75],"tintindex":0,"rotation":0,"texture":"#0"},"south":{"uv":[6.5,8.5,7.0,9.125],"tintindex":0,"rotation":0,"texture":"#0"},"north":{"uv":[8.5,6.375,9.0,7.0],"tintindex":0,"rotation":0,"texture":"#0"},"west":{"uv":[9.25,4.375,9.5,5.0],"tintindex":0,"rotation":0,"texture":"#0"},"up":{"uv":[9.875,5.625,9.375,5.375],"tintindex":0,"rotation":0,"texture":"#0"},"down":{"uv":[9.875,5.625,9.375,5.875],"tintindex":0,"rotation":0,"texture":"#0"}},"rotation":{"origin":[9.0,0.6923828,10.467171],"angle":-22.5,"axis":"x"}},{"from":[7.0,-2.0,5.5],"to":[11.0,10.0,10.5],"faces":{"east":{"uv":[2.875,7.0,3.5,8.5],"tintindex":0,"rotation":0,"texture":"#0"},"south":{"uv":[3.5,7.0,4.0,8.5],"tintindex":0,"rotation":0,"texture":"#0"},"north":{"uv":[5.75,3.0,6.25,4.5],"tintindex":0,"rotation":0,"texture":"#0"},"west":{"uv":[6.75,7.0,7.375,8.5],"tintindex":0,"rotation":0,"texture":"#0"},"up":{"uv":[3.25,9.125,2.75,8.5],"tintindex":0,"rotation":0,"texture":"#0"},"down":{"uv":[3.75,8.5,3.25,9.125],"tintindex":0,"rotation":0,"texture":"#0"}}}],"display":{"gui":{"rotation":[-150.0,-45.0,180.0]}}}