{"textures":{"0":"modelengine:entity/oni_brute","particle":"#0"},"elements":[{"from":[7.5,7.5,6.0],"to":[8.5,8.5,10.0],"faces":{"east":{"uv":[8.5,1.75,9.5,2.0],"tintindex":0,"rotation":0,"texture":"#0"},"south":{"uv":[9.625,2.0,9.875,2.25],"tintindex":0,"rotation":0,"texture":"#0"},"north":{"uv":[9.5,8.25,9.75,8.5],"tintindex":0,"rotation":0,"texture":"#0"},"west":{"uv":[8.5,8.25,9.5,8.5],"tintindex":0,"rotation":0,"texture":"#0"},"up":{"uv":[6.25,7.5,6.0,6.5],"tintindex":0,"rotation":0,"texture":"#0"},"down":{"uv":[6.75,7.5,6.5,8.5],"tintindex":0,"rotation":0,"texture":"#0"}}},{"from":[7.5,6.5,-5.0],"to":[8.5,9.5,-4.0],"faces":{"east":{"uv":[4.25,9.0,4.5,9.75],"tintindex":0,"rotation":0,"texture":"#0"},"south":{"uv":[8.75,9.0,9.0,9.75],"tintindex":0,"rotation":0,"texture":"#0"},"north":{"uv":[8.5,8.875,8.75,9.625],"tintindex":0,"rotation":0,"texture":"#0"},"west":{"uv":[9.0,9.0,9.25,9.75],"tintindex":0,"rotation":0,"texture":"#0"},"up":{"uv":[3.375,9.875,3.125,9.625],"tintindex":0,"rotation":0,"texture":"#0"},"down":{"uv":[9.875,3.625,9.625,3.875],"tintindex":0,"rotation":0,"texture":"#0"}}},{"from":[6.5,7.5,-2.0],"to":[9.5,8.5,-1.0],"faces":{"east":{"uv":[2.625,9.625,2.875,9.875],"tintindex":0,"rotation":0,"texture":"#0"},"south":{"uv":[9.0,7.375,9.75,7.625],"tintindex":0,"rotation":0,"texture":"#0"},"north":{"uv":[9.0,1.5,9.75,1.75],"tintindex":0,"rotation":0,"texture":"#0"},"west":{"uv":[2.875,9.625,3.125,9.875],"tintindex":0,"rotation":0,"texture":"#0"},"up":{"uv":[9.75,7.875,9.0,7.625],"tintindex":0,"rotation":0,"texture":"#0"},"down":{"uv":[9.75,7.875,9.0,8.125],"tintindex":0,"rotation":0,"texture":"#0"}}},{"from":[6.5,7.5,-5.0],"to":[9.5,8.5,-4.0],"faces":{"east":{"uv":[2.625,9.625,2.875,9.875],"tintindex":0,"rotation":0,"texture":"#0"},"south":{"uv":[9.0,7.375,9.75,7.625],"tintindex":0,"rotation":0,"texture":"#0"},"north":{"uv":[9.0,1.5,9.75,1.75],"tintindex":0,"rotation":0,"texture":"#0"},"west":{"uv":[2.875,9.625,3.125,9.875],"tintindex":0,"rotation":0,"texture":"#0"},"up":{"uv":[9.75,7.875,9.0,7.625],"tintindex":0,"rotation":0,"texture":"#0"},"down":{"uv":[9.75,7.875,9.0,8.125],"tintindex":0,"rotation":0,"texture":"#0"}}},{"from":[7.5,6.5,-2.0],"to":[8.5,9.5,-1.0],"faces":{"east":{"uv":[4.25,9.0,4.5,9.75],"tintindex":0,"rotation":0,"texture":"#0"},"south":{"uv":[8.75,9.0,9.0,9.75],"tintindex":0,"rotation":0,"texture":"#0"},"north":{"uv":[8.5,8.875,8.75,9.625],"tintindex":0,"rotation":0,"texture":"#0"},"west":{"uv":[9.0,9.0,9.25,9.75],"tintindex":0,"rotation":0,"texture":"#0"},"up":{"uv":[3.375,9.875,3.125,9.625],"tintindex":0,"rotation":0,"texture":"#0"},"down":{"uv":[9.875,3.625,9.625,3.875],"tintindex":0,"rotation":0,"texture":"#0"}}},{"from":[7.5,7.5,-6.0],"to":[8.5,8.5,-5.5],"faces":{"east":{"uv":[5.875,8.75,6.0,9.0],"tintindex":0,"rotation":0,"texture":"#0"},"south":{"uv":[5.375,9.625,5.625,9.875],"tintindex":0,"rotation":0,"texture":"#0"},"north":{"uv":[9.625,5.0,9.875,5.25],"tintindex":0,"rotation":0,"texture":"#0"},"west":{"uv":[7.875,9.125,8.0,9.375],"tintindex":0,"rotation":0,"texture":"#0"},"up":{"uv":[9.0,4.0,8.75,3.875],"tintindex":0,"rotation":0,"texture":"#0"},"down":{"uv":[9.875,2.25,9.625,2.375],"tintindex":0,"rotation":0,"texture":"#0"}}},{"from":[7.0,7.0,-5.5],"to":[9.0,9.0,6.0],"faces":{"east":{"uv":[5.0,0.0,7.875,0.5],"tintindex":0,"rotation":0,"texture":"#0"},"south":{"uv":[0.75,8.875,1.25,9.375],"tintindex":0,"rotation":0,"texture":"#0"},"north":{"uv":[8.75,8.5,9.25,9.0],"tintindex":0,"rotation":0,"texture":"#0"},"west":{"uv":[5.0,0.5,7.875,1.0],"tintindex":0,"rotation":0,"texture":"#0"},"up":{"uv":[3.5,7.0,3.0,4.125],"tintindex":0,"rotation":0,"texture":"#0"},"down":{"uv":[4.0,4.125,3.5,7.0],"tintindex":0,"rotation":0,"texture":"#0"}}},{"from":[6.5,7.5,-3.5],"to":[9.5,8.5,-2.5],"faces":{"east":{"uv":[2.625,9.625,2.875,9.875],"tintindex":0,"rotation":0,"texture":"#0"},"south":{"uv":[9.0,7.375,9.75,7.625],"tintindex":0,"rotation":0,"texture":"#0"},"north":{"uv":[9.0,1.5,9.75,1.75],"tintindex":0,"rotation":0,"texture":"#0"},"west":{"uv":[2.875,9.625,3.125,9.875],"tintindex":0,"rotation":0,"texture":"#0"},"up":{"uv":[9.75,7.875,9.0,7.625],"tintindex":0,"rotation":0,"texture":"#0"},"down":{"uv":[9.75,7.875,9.0,8.125],"tintindex":0,"rotation":0,"texture":"#0"}}},{"from":[7.5,6.5,-3.5],"to":[8.5,9.5,-2.5],"faces":{"east":{"uv":[4.25,9.0,4.5,9.75],"tintindex":0,"rotation":0,"texture":"#0"},"south":{"uv":[8.75,9.0,9.0,9.75],"tintindex":0,"rotation":0,"texture":"#0"},"north":{"uv":[8.5,8.875,8.75,9.625],"tintindex":0,"rotation":0,"texture":"#0"},"west":{"uv":[9.0,9.0,9.25,9.75],"tintindex":0,"rotation":0,"texture":"#0"},"up":{"uv":[3.375,9.875,3.125,9.625],"tintindex":0,"rotation":0,"texture":"#0"},"down":{"uv":[9.875,3.625,9.625,3.875],"tintindex":0,"rotation":0,"texture":"#0"}}}],"display":{"gui":{"rotation":[-150.0,-45.0,180.0]}}}